1_0_0.png,0
2_0_0.png,0
1_0_1.png,0
2_0_1.png,0
1_0_2.png,0
2_0_2.png,0
1_0_3.png,0
2_0_3.png,0
1_0_4.png,9
2_0_4.png,9
1_0_5.png,9
2_0_5.png,9
1_0_6.png,9
2_0_6.png,9
1_0_7.png,9
2_0_7.png,9
1_0_8.png,18
2_0_8.png,18
1_0_9.png,18
2_0_9.png,18
1_0_10.png,18
2_0_10.png,18
1_0_11.png,18
2_0_11.png,18
1_1_0.png,1
2_1_0.png,1
1_1_1.png,1
2_1_1.png,1
1_1_2.png,1
2_1_2.png,1
1_1_3.png,1
2_1_3.png,1
1_1_4.png,10
2_1_4.png,10
1_1_5.png,10
2_1_5.png,10
1_1_6.png,10
2_1_6.png,10
1_1_7.png,10
2_1_7.png,10
1_1_8.png,19
2_1_8.png,19
1_1_9.png,19
2_1_9.png,19
1_1_10.png,19
2_1_10.png,19
1_1_11.png,19
2_1_11.png,19
1_2_0.png,2
2_2_0.png,2
1_2_1.png,2
2_2_1.png,2
1_2_2.png,2
2_2_2.png,2
1_2_3.png,2
2_2_3.png,2
1_2_4.png,11
2_2_4.png,11
1_2_5.png,11
2_2_5.png,11
1_2_6.png,11
2_2_6.png,11
1_2_7.png,11
2_2_7.png,11
1_2_8.png,20
2_2_8.png,20
1_2_9.png,20
2_2_9.png,20
1_2_10.png,20
2_2_10.png,20
1_2_11.png,20
2_2_11.png,20
1_3_0.png,3
2_3_0.png,3
1_3_1.png,3
2_3_1.png,3
1_3_2.png,3
2_3_2.png,3
1_3_3.png,3
2_3_3.png,3
1_3_4.png,12
2_3_4.png,12
1_3_5.png,12
2_3_5.png,12
1_3_6.png,12
2_3_6.png,12
1_3_7.png,12
2_3_7.png,12
1_3_8.png,21
2_3_8.png,21
1_3_9.png,21
2_3_9.png,21
1_3_10.png,21
2_3_10.png,21
1_3_11.png,21
2_3_11.png,21
1_4_0.png,4
2_4_0.png,4
1_4_1.png,4
2_4_1.png,4
1_4_2.png,4
2_4_2.png,4
1_4_3.png,4
2_4_3.png,4
1_4_4.png,13
2_4_4.png,13
1_4_5.png,13
2_4_5.png,13
1_4_6.png,13
2_4_6.png,13
1_4_7.png,13
2_4_7.png,13
1_4_8.png,22
2_4_8.png,22
1_4_9.png,22
2_4_9.png,22
1_4_10.png,22
2_4_10.png,22
1_4_11.png,22
2_4_11.png,22
1_5_0.png,5
2_5_0.png,5
1_5_1.png,5
2_5_1.png,5
1_5_2.png,5
2_5_2.png,5
1_5_3.png,5
2_5_3.png,5
1_5_4.png,14
2_5_4.png,14
1_5_5.png,14
2_5_5.png,14
1_5_6.png,14
2_5_6.png,14
1_5_7.png,14
2_5_7.png,14
1_5_8.png,23
2_5_8.png,23
1_5_9.png,23
2_5_9.png,23
1_5_10.png,23
2_5_10.png,23
1_5_11.png,23
2_5_11.png,23
1_6_0.png,6
2_6_0.png,6
1_6_1.png,6
2_6_1.png,6
1_6_2.png,6
2_6_2.png,6
1_6_3.png,6
2_6_3.png,6
1_6_4.png,15
2_6_4.png,15
1_6_5.png,15
2_6_5.png,15
1_6_6.png,15
2_6_6.png,15
1_6_7.png,15
2_6_7.png,15
1_6_8.png,24
2_6_8.png,24
1_6_9.png,24
2_6_9.png,24
1_6_10.png,24
2_6_10.png,24
1_6_11.png,24
2_6_11.png,24
1_7_0.png,7
2_7_0.png,7
1_7_1.png,7
2_7_1.png,7
1_7_2.png,7
2_7_2.png,7
1_7_3.png,7
2_7_3.png,7
1_7_4.png,16
2_7_4.png,16
1_7_5.png,16
2_7_5.png,16
1_7_6.png,16
2_7_6.png,16
1_7_7.png,16
2_7_7.png,16
1_7_8.png,25
2_7_8.png,25
1_7_9.png,25
2_7_9.png,25
1_7_10.png,25
2_7_10.png,25
1_7_11.png,25
2_7_11.png,25
1_8_0.png,8
2_8_0.png,8
1_8_1.png,8
2_8_1.png,8
1_8_2.png,8
2_8_2.png,8
1_8_3.png,8
2_8_3.png,8
1_8_4.png,17
2_8_4.png,17
1_8_5.png,17
2_8_5.png,17
1_8_6.png,17
2_8_6.png,17
1_8_7.png,17
2_8_7.png,17
1_8_8.png,26
2_8_8.png,26
1_8_9.png,26
2_8_9.png,26
1_8_10.png,26
2_8_10.png,26
1_8_11.png,26
2_8_11.png,26
